series_id,surface
0,soft_pvc
1,wood
2,fine_concrete
3,wood
4,concrete
5,wood
6,soft_pvc
7,concrete
8,soft_tiles
9,wood
10,wood
11,soft_pvc
12,soft_pvc
13,tiled
14,soft_tiles
15,tiled
16,wood
17,soft_pvc
18,concrete
19,soft_pvc
20,tiled
21,carpet
22,wood
23,concrete
24,hard_tiles_large_space
25,concrete
26,wood
27,concrete
28,wood
29,soft_pvc
30,concrete
31,concrete
32,soft_pvc
33,tiled
34,tiled
35,hard_tiles_large_space
36,soft_pvc
37,soft_pvc
38,carpet
39,concrete
40,concrete
41,fine_concrete
42,soft_pvc
43,fine_concrete
44,hard_tiles_large_space
45,soft_pvc
46,concrete
47,tiled
48,concrete
49,carpet
50,concrete
51,fine_concrete
52,concrete
53,soft_pvc
54,wood
55,concrete
56,soft_tiles
57,tiled
58,soft_pvc
59,fine_concrete
60,concrete
61,concrete
62,wood
63,wood
64,tiled
65,tiled
66,concrete
67,soft_tiles
68,fine_concrete
69,concrete
70,concrete
71,soft_pvc
72,tiled
73,soft_tiles
74,concrete
75,concrete
76,soft_tiles
77,soft_pvc
78,fine_concrete
79,concrete
80,wood
81,hard_tiles_large_space
82,concrete
83,soft_pvc
84,concrete
85,wood
86,soft_pvc
87,soft_pvc
88,tiled
89,soft_pvc
90,hard_tiles_large_space
91,carpet
92,fine_concrete
93,soft_tiles
94,soft_pvc
95,wood
96,wood
97,wood
98,soft_pvc
99,concrete
100,concrete
101,soft_tiles
102,soft_tiles
103,tiled
104,hard_tiles_large_space
105,soft_tiles
106,tiled
107,tiled
108,concrete
109,concrete
110,concrete
111,fine_concrete
112,concrete
113,wood
114,concrete
115,wood
116,concrete
117,wood
118,soft_tiles
119,concrete
120,wood
121,soft_tiles
122,soft_pvc
123,fine_concrete
124,fine_concrete
125,wood
126,hard_tiles_large_space
127,wood
128,carpet
129,hard_tiles_large_space
130,soft_pvc
131,concrete
132,hard_tiles_large_space
133,tiled
134,concrete
135,tiled
136,hard_tiles_large_space
137,soft_pvc
138,hard_tiles_large_space
139,soft_pvc
140,soft_pvc
141,concrete
142,concrete
143,concrete
144,tiled
145,fine_concrete
146,concrete
147,hard_tiles_large_space
148,carpet
149,fine_concrete
150,concrete
151,concrete
152,soft_pvc
153,soft_tiles
154,wood
155,concrete
156,fine_concrete
157,concrete
158,carpet
159,wood
160,soft_pvc
161,hard_tiles_large_space
162,concrete
163,wood
164,hard_tiles_large_space
165,soft_tiles
166,soft_pvc
167,soft_pvc
168,hard_tiles_large_space
169,concrete
170,concrete
171,soft_pvc
172,soft_pvc
173,soft_tiles
174,wood
175,soft_pvc
176,soft_pvc
177,concrete
178,soft_pvc
179,soft_tiles
180,wood
181,concrete
182,soft_pvc
183,soft_pvc
184,wood
185,fine_concrete
186,soft_pvc
187,hard_tiles_large_space
188,hard_tiles_large_space
189,fine_concrete
190,soft_pvc
191,concrete
192,concrete
193,soft_pvc
194,concrete
195,fine_concrete
196,hard_tiles_large_space
197,soft_tiles
198,tiled
199,wood
200,concrete
201,carpet
202,tiled
203,concrete
204,fine_concrete
205,fine_concrete
206,soft_pvc
207,concrete
208,wood
209,concrete
210,concrete
211,soft_pvc
212,concrete
213,soft_pvc
214,soft_pvc
215,wood
216,hard_tiles_large_space
217,fine_concrete
218,carpet
219,soft_pvc
220,concrete
221,soft_pvc
222,concrete
223,soft_tiles
224,concrete
225,fine_concrete
226,concrete
227,concrete
228,soft_pvc
229,fine_concrete
230,concrete
231,soft_pvc
232,concrete
233,concrete
234,soft_pvc
235,tiled
236,soft_tiles
237,soft_pvc
238,fine_concrete
239,wood
240,soft_pvc
241,concrete
242,soft_pvc
243,concrete
244,concrete
245,carpet
246,concrete
247,fine_concrete
248,concrete
249,soft_tiles
250,soft_pvc
251,fine_concrete
252,concrete
253,concrete
254,fine_concrete
255,soft_pvc
256,soft_pvc
257,tiled
258,wood
259,soft_tiles
260,soft_tiles
261,concrete
262,soft_tiles
263,soft_pvc
264,concrete
265,fine_concrete
266,concrete
267,concrete
268,wood
269,fine_concrete
270,soft_pvc
271,concrete
272,wood
273,fine_concrete
274,fine_concrete
275,soft_pvc
276,fine_concrete
277,concrete
278,carpet
279,tiled
280,carpet
281,tiled
282,wood
283,concrete
284,soft_tiles
285,carpet
286,concrete
287,concrete
288,hard_tiles_large_space
289,wood
290,hard_tiles_large_space
291,fine_concrete
292,concrete
293,concrete
294,wood
295,soft_tiles
296,soft_pvc
297,concrete
298,soft_pvc
299,concrete
300,hard_tiles_large_space
301,soft_pvc
302,concrete
303,soft_tiles
304,wood
305,concrete
306,soft_tiles
307,hard_tiles_large_space
308,soft_tiles
309,soft_tiles
310,wood
311,soft_tiles
312,soft_tiles
313,wood
314,soft_pvc
315,fine_concrete
316,wood
317,concrete
318,wood
319,soft_pvc
320,wood
321,wood
322,wood
323,hard_tiles_large_space
324,hard_tiles_large_space
325,fine_concrete
326,hard_tiles_large_space
327,soft_tiles
328,hard_tiles_large_space
329,concrete
330,fine_concrete
331,concrete
332,wood
333,concrete
334,concrete
335,concrete
336,soft_tiles
337,soft_pvc
338,concrete
339,soft_pvc
340,soft_pvc
341,soft_tiles
342,concrete
343,soft_pvc
344,fine_concrete
345,soft_pvc
346,carpet
347,concrete
348,soft_pvc
349,soft_tiles
350,concrete
351,fine_concrete
352,concrete
353,wood
354,concrete
355,concrete
356,soft_pvc
357,soft_pvc
358,wood
359,soft_tiles
360,soft_tiles
361,concrete
362,soft_tiles
363,fine_concrete
364,hard_tiles_large_space
365,fine_concrete
366,wood
367,soft_pvc
368,wood
369,carpet
370,hard_tiles_large_space
371,hard_tiles_large_space
372,tiled
373,wood
374,soft_pvc
375,hard_tiles_large_space
376,soft_tiles
377,wood
378,wood
379,carpet
380,hard_tiles_large_space
381,soft_pvc
382,fine_concrete
383,wood
384,soft_pvc
385,soft_tiles
386,wood
387,wood
388,concrete
389,wood
390,soft_pvc
391,wood
392,concrete
393,concrete
394,soft_pvc
395,wood
396,hard_tiles_large_space
397,concrete
398,wood
399,fine_concrete
400,soft_tiles
401,soft_pvc
402,wood
403,soft_pvc
404,concrete
405,concrete
406,carpet
407,wood
408,concrete
409,hard_tiles_large_space
410,tiled
411,carpet
412,fine_concrete
413,soft_tiles
414,concrete
415,tiled
416,soft_tiles
417,concrete
418,concrete
419,soft_pvc
420,soft_pvc
421,soft_pvc
422,wood
423,concrete
424,soft_pvc
425,soft_tiles
426,concrete
427,concrete
428,fine_concrete
429,soft_tiles
430,carpet
431,soft_tiles
432,tiled
433,concrete
434,soft_pvc
435,soft_pvc
436,wood
437,carpet
438,concrete
439,soft_pvc
440,soft_pvc
441,hard_tiles_large_space
442,fine_concrete
443,concrete
444,fine_concrete
445,concrete
446,hard_tiles_large_space
447,carpet
448,soft_tiles
449,concrete
450,wood
451,wood
452,fine_concrete
453,fine_concrete
454,concrete
455,soft_pvc
456,soft_pvc
457,wood
458,concrete
459,fine_concrete
460,fine_concrete
461,concrete
462,concrete
463,soft_tiles
464,wood
465,fine_concrete
466,soft_tiles
467,soft_pvc
468,soft_tiles
469,concrete
470,concrete
471,fine_concrete
472,tiled
473,concrete
474,soft_pvc
475,tiled
476,tiled
477,soft_pvc
478,soft_pvc
479,soft_pvc
480,hard_tiles_large_space
481,concrete
482,soft_pvc
483,wood
484,fine_concrete
485,concrete
486,soft_pvc
487,wood
488,soft_pvc
489,hard_tiles_large_space
490,wood
491,soft_pvc
492,wood
493,fine_concrete
494,soft_tiles
495,hard_tiles_large_space
496,wood
497,soft_tiles
498,soft_tiles
499,soft_pvc
500,soft_pvc
501,concrete
502,soft_pvc
503,wood
504,hard_tiles_large_space
505,fine_concrete
506,concrete
507,hard_tiles_large_space
508,concrete
509,soft_pvc
510,tiled
511,concrete
512,wood
513,soft_tiles
514,concrete
515,concrete
516,fine_concrete
517,concrete
518,concrete
519,soft_pvc
520,wood
521,wood
522,hard_tiles_large_space
523,wood
524,fine_concrete
525,fine_concrete
526,wood
527,wood
528,fine_concrete
529,soft_pvc
530,concrete
531,fine_concrete
532,wood
533,soft_pvc
534,concrete
535,wood
536,concrete
537,soft_tiles
538,carpet
539,soft_tiles
540,concrete
541,concrete
542,wood
543,wood
544,wood
545,hard_tiles_large_space
546,hard_tiles_large_space
547,fine_concrete
548,wood
549,soft_pvc
550,soft_tiles
551,concrete
552,concrete
553,soft_pvc
554,concrete
555,concrete
556,soft_tiles
557,soft_pvc
558,soft_pvc
559,concrete
560,wood
561,concrete
562,tiled
563,soft_pvc
564,soft_tiles
565,wood
566,hard_tiles_large_space
567,soft_tiles
568,concrete
569,soft_tiles
570,wood
571,tiled
572,concrete
573,carpet
574,soft_tiles
575,concrete
576,concrete
577,concrete
578,wood
579,wood
580,tiled
581,tiled
582,concrete
583,soft_pvc
584,concrete
585,soft_pvc
586,tiled
587,wood
588,soft_pvc
589,wood
590,soft_pvc
591,soft_tiles
592,soft_pvc
593,soft_pvc
594,fine_concrete
595,soft_pvc
596,carpet
597,hard_tiles_large_space
598,tiled
599,wood
600,soft_pvc
601,wood
602,concrete
603,concrete
604,wood
605,carpet
606,soft_pvc
607,soft_pvc
608,tiled
609,hard_tiles_large_space
610,concrete
611,concrete
612,wood
613,tiled
614,concrete
615,fine_concrete
616,concrete
617,soft_tiles
618,concrete
619,soft_tiles
620,concrete
621,fine_concrete
622,fine_concrete
623,tiled
624,soft_pvc
625,tiled
626,tiled
627,fine_concrete
628,soft_tiles
629,wood
630,hard_tiles_large_space
631,concrete
632,concrete
633,concrete
634,tiled
635,soft_tiles
636,fine_concrete
637,hard_tiles_large_space
638,concrete
639,soft_pvc
640,wood
641,wood
642,concrete
643,soft_pvc
644,soft_pvc
645,fine_concrete
646,soft_tiles
647,concrete
648,concrete
649,soft_pvc
650,soft_pvc
651,soft_pvc
652,soft_pvc
653,hard_tiles_large_space
654,concrete
655,wood
656,fine_concrete
657,wood
658,soft_tiles
659,tiled
660,tiled
661,concrete
662,soft_tiles
663,soft_pvc
664,concrete
665,carpet
666,concrete
667,wood
668,soft_pvc
669,fine_concrete
670,wood
671,soft_pvc
672,soft_tiles
673,soft_pvc
674,concrete
675,fine_concrete
676,soft_pvc
677,fine_concrete
678,soft_tiles
679,soft_pvc
680,concrete
681,concrete
682,concrete
683,soft_pvc
684,concrete
685,tiled
686,wood
687,concrete
688,tiled
689,soft_pvc
690,hard_tiles_large_space
691,wood
692,soft_pvc
693,concrete
694,concrete
695,concrete
696,concrete
697,concrete
698,soft_pvc
699,soft_pvc
700,soft_pvc
701,wood
702,concrete
703,wood
704,tiled
705,soft_pvc
706,concrete
707,fine_concrete
708,concrete
709,concrete
710,concrete
711,fine_concrete
712,soft_pvc
713,carpet
714,wood
715,tiled
716,wood
717,soft_pvc
718,fine_concrete
719,wood
720,carpet
721,soft_pvc
722,concrete
723,soft_pvc
724,carpet
725,soft_pvc
726,soft_pvc
727,concrete
728,tiled
729,soft_pvc
730,wood
731,concrete
732,concrete
733,hard_tiles_large_space
734,soft_tiles
735,concrete
736,fine_concrete
737,concrete
738,concrete
739,concrete
740,fine_concrete
741,soft_tiles
742,soft_tiles
743,tiled
744,soft_tiles
745,concrete
746,soft_tiles
747,fine_concrete
748,soft_tiles
749,hard_tiles_large_space
750,wood
751,wood
752,concrete
753,fine_concrete
754,wood
755,soft_pvc
756,tiled
757,wood
758,concrete
759,concrete
760,soft_tiles
761,concrete
762,soft_pvc
763,tiled
764,soft_tiles
765,soft_tiles
766,hard_tiles_large_space
767,concrete
768,tiled
769,tiled
770,wood
771,wood
772,wood
773,tiled
774,tiled
775,soft_pvc
776,wood
777,wood
778,soft_tiles
779,soft_pvc
780,wood
781,wood
782,soft_pvc
783,carpet
784,hard_tiles_large_space
785,soft_tiles
786,soft_pvc
787,fine_concrete
788,concrete
789,soft_pvc
790,soft_tiles
791,hard_tiles_large_space
792,fine_concrete
793,fine_concrete
794,soft_pvc
795,soft_tiles
796,soft_pvc
797,soft_pvc
798,soft_tiles
799,soft_tiles
800,soft_tiles
801,wood
802,soft_tiles
803,concrete
804,soft_pvc
805,tiled
806,hard_tiles_large_space
807,wood
808,wood
809,hard_tiles_large_space
810,tiled
811,soft_tiles
812,concrete
813,soft_pvc
814,soft_pvc
815,fine_concrete
816,wood
817,concrete
818,soft_pvc
819,wood
820,wood
821,soft_pvc
822,concrete
823,wood
824,concrete
825,fine_concrete
826,carpet
827,soft_pvc
828,carpet
829,soft_tiles
830,wood
831,soft_tiles
832,concrete
833,tiled
834,concrete
835,carpet
836,concrete
837,wood
838,carpet
839,wood
840,wood
841,soft_pvc
842,hard_tiles_large_space
843,concrete
844,soft_pvc
845,soft_tiles
846,wood
847,fine_concrete
848,concrete
849,carpet
850,concrete
851,concrete
852,hard_tiles_large_space
853,concrete
854,fine_concrete
855,soft_tiles
856,soft_pvc
857,tiled
858,carpet
859,fine_concrete
860,wood
861,concrete
862,soft_pvc
863,concrete
864,soft_pvc
865,wood
866,wood
867,soft_pvc
868,wood
869,concrete
870,soft_pvc
871,fine_concrete
872,soft_tiles
873,wood
874,fine_concrete
875,concrete
876,concrete
877,hard_tiles_large_space
878,concrete
879,wood
880,wood
881,wood
882,tiled
883,hard_tiles_large_space
884,concrete
885,concrete
886,concrete
887,fine_concrete
888,wood
889,wood
890,hard_tiles_large_space
891,soft_pvc
892,fine_concrete
893,concrete
894,fine_concrete
895,soft_tiles
896,tiled
897,fine_concrete
898,tiled
899,hard_tiles_large_space
900,concrete
901,concrete
902,concrete
903,concrete
904,concrete
905,concrete
906,soft_pvc
907,soft_tiles
908,soft_pvc
909,concrete
910,concrete
911,soft_pvc
912,concrete
913,soft_pvc
914,concrete
915,soft_pvc
916,concrete
917,wood
918,fine_concrete
919,concrete
920,hard_tiles_large_space
921,concrete
922,concrete
923,wood
924,concrete
925,wood
926,concrete
927,concrete
928,soft_tiles
929,soft_tiles
930,soft_tiles
931,soft_tiles
932,tiled
933,hard_tiles_large_space
934,fine_concrete
935,wood
936,soft_tiles
937,soft_pvc
938,hard_tiles_large_space
939,wood
940,soft_pvc
941,wood
942,wood
943,soft_tiles
944,soft_pvc
945,tiled
946,soft_pvc
947,concrete
948,hard_tiles_large_space
949,tiled
950,soft_tiles
951,soft_tiles
952,soft_tiles
953,soft_pvc
954,concrete
955,tiled
956,concrete
957,concrete
958,fine_concrete
959,soft_pvc
960,tiled
961,concrete
962,tiled
963,soft_pvc
964,soft_pvc
965,concrete
966,fine_concrete
967,fine_concrete
968,wood
969,carpet
970,hard_tiles_large_space
971,concrete
972,soft_tiles
973,fine_concrete
974,soft_tiles
975,tiled
976,concrete
977,soft_tiles
978,hard_tiles_large_space
979,soft_tiles
980,concrete
981,soft_tiles
982,fine_concrete
983,soft_tiles
984,soft_tiles
985,tiled
986,soft_tiles
987,tiled
988,carpet
989,soft_tiles
990,soft_pvc
991,soft_pvc
992,wood
993,concrete
994,soft_pvc
995,soft_pvc
996,hard_tiles_large_space
997,concrete
998,concrete
999,soft_pvc
1000,concrete
1001,hard_tiles_large_space
1002,concrete
1003,soft_pvc
1004,concrete
1005,tiled
1006,fine_concrete
1007,wood
1008,soft_pvc
1009,soft_pvc
1010,soft_tiles
1011,concrete
1012,carpet
1013,soft_pvc
1014,carpet
1015,carpet
1016,wood
1017,soft_pvc
1018,hard_tiles_large_space
1019,concrete
1020,soft_tiles
1021,tiled
1022,tiled
1023,soft_tiles
1024,wood
1025,tiled
1026,wood
1027,hard_tiles_large_space
1028,wood
1029,concrete
1030,soft_pvc
1031,fine_concrete
1032,fine_concrete
1033,fine_concrete
1034,soft_tiles
1035,concrete
1036,wood
1037,soft_pvc
1038,concrete
1039,tiled
1040,soft_pvc
1041,concrete
1042,soft_tiles
1043,concrete
1044,concrete
1045,wood
1046,wood
1047,wood
1048,soft_pvc
1049,fine_concrete
1050,soft_tiles
1051,fine_concrete
1052,wood
1053,soft_pvc
1054,concrete
1055,wood
1056,soft_tiles
1057,wood
1058,tiled
1059,concrete
1060,wood
1061,concrete
1062,soft_pvc
1063,concrete
1064,carpet
1065,soft_tiles
1066,soft_tiles
1067,concrete
1068,concrete
1069,wood
1070,wood
1071,tiled
1072,concrete
1073,soft_pvc
1074,wood
1075,soft_tiles
1076,soft_pvc
1077,carpet
1078,soft_pvc
1079,concrete
1080,concrete
1081,carpet
1082,soft_pvc
1083,soft_tiles
1084,carpet
1085,tiled
1086,tiled
1087,concrete
1088,soft_tiles
1089,soft_pvc
1090,carpet
1091,fine_concrete
1092,fine_concrete
1093,soft_pvc
1094,soft_pvc
1095,soft_tiles
1096,carpet
1097,tiled
1098,soft_tiles
1099,soft_pvc
1100,soft_pvc
1101,concrete
1102,hard_tiles_large_space
1103,hard_tiles_large_space
1104,tiled
1105,soft_tiles
1106,concrete
1107,concrete
1108,wood
1109,carpet
1110,soft_pvc
1111,fine_concrete
1112,soft_tiles
1113,hard_tiles_large_space
1114,hard_tiles_large_space
1115,tiled
1116,soft_tiles
1117,wood
1118,concrete
1119,concrete
1120,carpet
1121,soft_tiles
1122,hard_tiles_large_space
1123,soft_pvc
1124,concrete
1125,concrete
1126,soft_tiles
1127,fine_concrete
1128,concrete
1129,concrete
1130,soft_pvc
1131,soft_pvc
1132,carpet
1133,wood
1134,wood
1135,soft_tiles
1136,wood
1137,wood
1138,hard_tiles_large_space
1139,soft_pvc
1140,concrete
1141,wood
1142,wood
1143,hard_tiles_large_space
1144,concrete
1145,wood
1146,concrete
1147,concrete
1148,concrete
1149,soft_pvc
1150,concrete
1151,wood
1152,concrete
1153,wood
1154,hard_tiles_large_space
1155,soft_pvc
1156,concrete
1157,soft_pvc
1158,carpet
1159,soft_pvc
1160,tiled
1161,soft_pvc
1162,concrete
1163,soft_pvc
1164,soft_pvc
1165,soft_pvc
1166,concrete
1167,concrete
1168,soft_pvc
1169,concrete
1170,wood
1171,fine_concrete
1172,concrete
1173,hard_tiles_large_space
1174,fine_concrete
1175,soft_pvc
1176,tiled
1177,soft_tiles
1178,wood
1179,soft_tiles
1180,soft_pvc
1181,tiled
1182,wood
1183,soft_tiles
1184,wood
1185,soft_pvc
1186,soft_tiles
1187,concrete
1188,soft_tiles
1189,soft_pvc
1190,wood
1191,soft_pvc
1192,soft_pvc
1193,wood
1194,fine_concrete
1195,soft_tiles
1196,concrete
1197,concrete
1198,wood
1199,soft_pvc
1200,wood
1201,concrete
1202,carpet
1203,carpet
1204,wood
1205,concrete
1206,wood
1207,soft_pvc
1208,carpet
1209,hard_tiles_large_space
1210,soft_tiles
1211,wood
1212,concrete
1213,tiled
1214,soft_tiles
1215,tiled
1216,wood
1217,hard_tiles_large_space
1218,soft_tiles
1219,soft_tiles
1220,soft_pvc
1221,soft_pvc
1222,concrete
1223,carpet
1224,hard_tiles_large_space
1225,soft_tiles
1226,wood
1227,concrete
1228,soft_pvc
1229,concrete
1230,wood
1231,concrete
1232,concrete
1233,soft_pvc
1234,wood
1235,concrete
1236,soft_pvc
1237,wood
1238,soft_pvc
1239,soft_pvc
1240,tiled
1241,wood
1242,concrete
1243,tiled
1244,hard_tiles_large_space
1245,concrete
1246,carpet
1247,concrete
1248,soft_pvc
1249,carpet
1250,soft_pvc
1251,wood
1252,concrete
1253,soft_pvc
1254,fine_concrete
1255,soft_tiles
1256,concrete
1257,soft_tiles
1258,wood
1259,concrete
1260,fine_concrete
1261,soft_tiles
1262,concrete
1263,soft_tiles
1264,wood
1265,fine_concrete
1266,soft_pvc
1267,wood
1268,soft_pvc
1269,fine_concrete
1270,tiled
1271,tiled
1272,concrete
1273,soft_tiles
1274,tiled
1275,soft_pvc
1276,wood
1277,concrete
1278,wood
1279,concrete
1280,concrete
1281,soft_pvc
1282,soft_pvc
1283,concrete
1284,soft_tiles
1285,concrete
1286,soft_tiles
1287,tiled
1288,fine_concrete
1289,concrete
1290,wood
1291,soft_pvc
1292,concrete
1293,soft_pvc
1294,soft_pvc
1295,soft_pvc
1296,soft_pvc
1297,wood
1298,wood
1299,wood
1300,soft_tiles
1301,soft_pvc
1302,concrete
1303,wood
1304,concrete
1305,carpet
1306,concrete
1307,hard_tiles_large_space
1308,soft_pvc
1309,soft_tiles
1310,concrete
1311,hard_tiles_large_space
1312,soft_pvc
1313,tiled
1314,soft_tiles
1315,fine_concrete
1316,soft_tiles
1317,tiled
1318,wood
1319,wood
1320,wood
1321,soft_pvc
1322,fine_concrete
1323,carpet
1324,wood
1325,tiled
1326,tiled
1327,tiled
1328,fine_concrete
1329,wood
1330,tiled
1331,fine_concrete
1332,tiled
1333,wood
1334,wood
1335,wood
1336,concrete
1337,concrete
1338,concrete
1339,wood
1340,soft_tiles
1341,concrete
1342,wood
1343,wood
1344,soft_pvc
1345,fine_concrete
1346,concrete
1347,concrete
1348,soft_tiles
1349,fine_concrete
1350,concrete
1351,soft_pvc
1352,tiled
1353,concrete
1354,concrete
1355,soft_tiles
1356,tiled
1357,hard_tiles_large_space
1358,wood
1359,hard_tiles_large_space
1360,hard_tiles_large_space
1361,wood
1362,concrete
1363,soft_tiles
1364,concrete
1365,wood
1366,hard_tiles_large_space
1367,wood
1368,concrete
1369,concrete
1370,soft_pvc
1371,concrete
1372,tiled
1373,soft_pvc
1374,tiled
1375,concrete
1376,soft_tiles
1377,soft_tiles
1378,soft_pvc
1379,tiled
1380,hard_tiles_large_space
1381,wood
1382,tiled
1383,concrete
1384,soft_tiles
1385,concrete
1386,soft_pvc
1387,tiled
1388,soft_pvc
1389,concrete
1390,concrete
1391,fine_concrete
1392,concrete
1393,soft_pvc
1394,soft_pvc
1395,concrete
1396,wood
1397,soft_pvc
1398,concrete
1399,soft_tiles
1400,soft_pvc
1401,tiled
1402,soft_pvc
1403,wood
1404,soft_tiles
1405,tiled
1406,concrete
1407,wood
1408,carpet
1409,soft_pvc
1410,soft_pvc
1411,concrete
1412,tiled
1413,soft_tiles
1414,concrete
1415,wood
1416,fine_concrete
1417,concrete
1418,hard_tiles_large_space
1419,soft_tiles
1420,soft_tiles
1421,fine_concrete
1422,fine_concrete
1423,soft_tiles
1424,soft_pvc
1425,concrete
1426,concrete
1427,wood
1428,soft_tiles
1429,soft_pvc
1430,hard_tiles_large_space
1431,wood
1432,soft_pvc
1433,wood
1434,concrete
1435,soft_tiles
1436,concrete
1437,soft_pvc
1438,soft_pvc
1439,concrete
1440,hard_tiles_large_space
1441,soft_tiles
1442,soft_pvc
1443,concrete
1444,soft_pvc
1445,tiled
1446,concrete
1447,soft_pvc
1448,tiled
1449,hard_tiles_large_space
1450,hard_tiles_large_space
1451,wood
1452,soft_tiles
1453,soft_tiles
1454,concrete
1455,soft_pvc
1456,tiled
1457,concrete
1458,concrete
1459,concrete
1460,concrete
1461,wood
1462,soft_pvc
1463,hard_tiles_large_space
1464,hard_tiles
1465,wood
1466,tiled
1467,concrete
1468,concrete
1469,soft_tiles
1470,soft_pvc
1471,tiled
1472,concrete
1473,wood
1474,concrete
1475,concrete
1476,wood
1477,tiled
1478,fine_concrete
1479,wood
1480,concrete
1481,soft_pvc
1482,soft_pvc
1483,wood
1484,hard_tiles_large_space
1485,soft_pvc
1486,wood
1487,tiled
1488,fine_concrete
1489,carpet
1490,fine_concrete
1491,fine_concrete
1492,fine_concrete
1493,concrete
1494,hard_tiles_large_space
1495,fine_concrete
1496,soft_pvc
1497,soft_tiles
1498,soft_tiles
1499,concrete
1500,carpet
1501,concrete
1502,concrete
1503,soft_pvc
1504,wood
1505,hard_tiles_large_space
1506,soft_tiles
1507,concrete
1508,concrete
1509,concrete
1510,wood
1511,soft_tiles
1512,wood
1513,wood
1514,soft_pvc
1515,tiled
1516,tiled
1517,soft_tiles
1518,concrete
1519,concrete
1520,wood
1521,tiled
1522,soft_pvc
1523,soft_tiles
1524,concrete
1525,soft_tiles
1526,wood
1527,soft_pvc
1528,concrete
1529,carpet
1530,soft_tiles
1531,soft_tiles
1532,soft_tiles
1533,soft_pvc
1534,wood
1535,concrete
1536,soft_pvc
1537,concrete
1538,soft_pvc
1539,wood
1540,soft_pvc
1541,soft_pvc
1542,concrete
1543,fine_concrete
1544,tiled
1545,soft_tiles
1546,wood
1547,fine_concrete
1548,concrete
1549,soft_pvc
1550,hard_tiles_large_space
1551,soft_pvc
1552,concrete
1553,fine_concrete
1554,concrete
1555,soft_tiles
1556,soft_pvc
1557,fine_concrete
1558,concrete
1559,hard_tiles_large_space
1560,concrete
1561,soft_pvc
1562,soft_tiles
1563,soft_tiles
1564,fine_concrete
1565,wood
1566,wood
1567,concrete
1568,carpet
1569,tiled
1570,concrete
1571,soft_tiles
1572,concrete
1573,soft_tiles
1574,soft_tiles
1575,hard_tiles_large_space
1576,soft_pvc
1577,soft_pvc
1578,wood
1579,concrete
1580,concrete
1581,concrete
1582,soft_pvc
1583,soft_tiles
1584,soft_tiles
1585,concrete
1586,concrete
1587,soft_pvc
1588,soft_tiles
1589,tiled
1590,soft_pvc
1591,carpet
1592,wood
1593,soft_pvc
1594,wood
1595,soft_tiles
1596,concrete
1597,soft_tiles
1598,wood
1599,soft_pvc
1600,wood
1601,concrete
1602,soft_pvc
1603,hard_tiles_large_space
1604,wood
1605,hard_tiles_large_space
1606,concrete
1607,soft_pvc
1608,concrete
1609,tiled
1610,fine_concrete
1611,soft_tiles
1612,wood
1613,soft_tiles
1614,soft_pvc
1615,soft_tiles
1616,soft_pvc
1617,soft_tiles
1618,fine_concrete
1619,soft_tiles
1620,soft_tiles
1621,concrete
1622,wood
1623,wood
1624,concrete
1625,fine_concrete
1626,soft_tiles
1627,wood
1628,fine_concrete
1629,concrete
1630,wood
1631,concrete
1632,soft_pvc
1633,tiled
1634,tiled
1635,soft_tiles
1636,tiled
1637,soft_pvc
1638,hard_tiles_large_space
1639,soft_pvc
1640,concrete
1641,fine_concrete
1642,soft_pvc
1643,wood
1644,wood
1645,soft_pvc
1646,wood
1647,soft_pvc
1648,soft_pvc
1649,concrete
1650,soft_tiles
1651,concrete
1652,soft_pvc
1653,hard_tiles_large_space
1654,tiled
1655,concrete
1656,wood
1657,soft_tiles
1658,soft_tiles
1659,wood
1660,soft_pvc
1661,concrete
1662,wood
1663,concrete
1664,soft_pvc
1665,tiled
1666,soft_pvc
1667,fine_concrete
1668,tiled
1669,hard_tiles_large_space
1670,tiled
1671,soft_pvc
1672,soft_pvc
1673,concrete
1674,fine_concrete
1675,concrete
1676,soft_tiles
1677,fine_concrete
1678,hard_tiles_large_space
1679,soft_tiles
1680,hard_tiles_large_space
1681,fine_concrete
1682,hard_tiles_large_space
1683,carpet
1684,fine_concrete
1685,tiled
1686,wood
1687,tiled
1688,soft_tiles
1689,concrete
1690,concrete
1691,concrete
1692,soft_tiles
1693,concrete
1694,carpet
1695,concrete
1696,soft_pvc
1697,concrete
1698,soft_tiles
1699,wood
1700,concrete
1701,concrete
1702,wood
1703,fine_concrete
1704,hard_tiles_large_space
1705,soft_pvc
1706,soft_pvc
1707,carpet
1708,wood
1709,fine_concrete
1710,concrete
1711,soft_pvc
1712,carpet
1713,tiled
1714,tiled
1715,soft_tiles
1716,soft_pvc
1717,concrete
1718,wood
1719,concrete
1720,soft_tiles
1721,concrete
1722,soft_pvc
1723,hard_tiles_large_space
1724,soft_pvc
1725,wood
1726,hard_tiles_large_space
1727,concrete
1728,wood
1729,concrete
1730,hard_tiles_large_space
1731,soft_pvc
1732,soft_tiles
1733,concrete
1734,concrete
1735,concrete
1736,hard_tiles_large_space
1737,hard_tiles_large_space
1738,soft_pvc
1739,soft_tiles
1740,wood
1741,soft_tiles
1742,concrete
1743,fine_concrete
1744,soft_pvc
1745,soft_tiles
1746,hard_tiles_large_space
1747,wood
1748,wood
1749,soft_pvc
1750,wood
1751,concrete
1752,concrete
1753,soft_pvc
1754,soft_pvc
1755,tiled
1756,soft_pvc
1757,fine_concrete
1758,soft_tiles
1759,hard_tiles_large_space
1760,concrete
1761,carpet
1762,hard_tiles_large_space
1763,tiled
1764,wood
1765,soft_pvc
1766,hard_tiles_large_space
1767,hard_tiles_large_space
1768,wood
1769,soft_pvc
1770,concrete
1771,concrete
1772,concrete
1773,wood
1774,soft_tiles
1775,carpet
1776,tiled
1777,concrete
1778,hard_tiles_large_space
1779,wood
1780,soft_pvc
1781,soft_tiles
1782,soft_pvc
1783,concrete
1784,concrete
1785,concrete
1786,fine_concrete
1787,wood
1788,soft_tiles
1789,soft_pvc
1790,wood
1791,concrete
1792,fine_concrete
1793,wood
1794,hard_tiles_large_space
1795,tiled
1796,concrete
1797,concrete
1798,concrete
1799,wood
1800,tiled
1801,hard_tiles_large_space
1802,wood
1803,tiled
1804,fine_concrete
1805,tiled
1806,concrete
1807,soft_pvc
1808,concrete
1809,concrete
1810,concrete
1811,tiled
1812,soft_tiles
1813,wood
1814,tiled
1815,concrete
1816,soft_tiles
1817,concrete
1818,soft_pvc
1819,concrete
1820,concrete
1821,wood
1822,wood
1823,soft_pvc
1824,wood
1825,hard_tiles_large_space
1826,concrete
1827,fine_concrete
1828,hard_tiles_large_space
1829,wood
1830,wood
1831,wood
1832,concrete
1833,tiled
1834,tiled
1835,hard_tiles_large_space
1836,carpet
1837,wood
1838,fine_concrete
1839,carpet
1840,wood
1841,hard_tiles_large_space
1842,tiled
1843,soft_pvc
1844,concrete
1845,wood
1846,concrete
1847,soft_tiles
1848,tiled
1849,concrete
1850,fine_concrete
1851,concrete
1852,soft_tiles
1853,soft_pvc
1854,soft_pvc
1855,wood
1856,wood
1857,carpet
1858,wood
1859,wood
1860,wood
1861,hard_tiles_large_space
1862,fine_concrete
1863,concrete
1864,wood
1865,soft_pvc
1866,fine_concrete
1867,concrete
1868,wood
1869,concrete
1870,soft_pvc
1871,tiled
1872,wood
1873,soft_pvc
1874,wood
1875,carpet
1876,soft_tiles
1877,concrete
1878,carpet
1879,fine_concrete
1880,wood
1881,soft_tiles
1882,fine_concrete
1883,tiled
1884,soft_pvc
1885,wood
1886,concrete
1887,fine_concrete
1888,tiled
1889,hard_tiles_large_space
1890,tiled
1891,concrete
1892,soft_tiles
1893,soft_pvc
1894,soft_pvc
1895,concrete
1896,soft_pvc
1897,concrete
1898,soft_tiles
1899,soft_pvc
1900,soft_pvc
1901,tiled
1902,soft_pvc
1903,wood
1904,concrete
1905,fine_concrete
1906,concrete
1907,tiled
1908,tiled
1909,hard_tiles_large_space
1910,concrete
1911,tiled
1912,concrete
1913,carpet
1914,concrete
1915,concrete
1916,wood
1917,soft_pvc
1918,wood
1919,wood
1920,carpet
1921,soft_pvc
1922,soft_pvc
1923,carpet
1924,fine_concrete
1925,carpet
1926,hard_tiles_large_space
1927,wood
1928,wood
1929,fine_concrete
1930,concrete
1931,wood
1932,soft_tiles
1933,soft_pvc
1934,tiled
1935,concrete
1936,fine_concrete
1937,soft_pvc
1938,concrete
1939,concrete
1940,soft_pvc
1941,concrete
1942,soft_tiles
1943,fine_concrete
1944,concrete
1945,soft_pvc
1946,concrete
1947,soft_tiles
1948,soft_pvc
1949,hard_tiles_large_space
1950,soft_tiles
1951,concrete
1952,concrete
1953,soft_tiles
1954,soft_tiles
1955,concrete
1956,wood
1957,carpet
1958,soft_pvc
1959,hard_tiles_large_space
1960,tiled
1961,wood
1962,wood
1963,soft_tiles
1964,soft_tiles
1965,concrete
1966,concrete
1967,soft_pvc
1968,fine_concrete
1969,soft_tiles
1970,fine_concrete
1971,soft_pvc
1972,hard_tiles_large_space
1973,wood
1974,concrete
1975,hard_tiles_large_space
1976,soft_pvc
1977,wood
1978,soft_tiles
1979,soft_tiles
1980,soft_pvc
1981,soft_tiles
1982,carpet
1983,soft_tiles
1984,soft_pvc
1985,soft_pvc
1986,concrete
1987,wood
1988,soft_pvc
1989,tiled
1990,hard_tiles_large_space
1991,soft_pvc
1992,concrete
1993,soft_pvc
1994,soft_pvc
1995,soft_pvc
1996,wood
1997,tiled
1998,fine_concrete
1999,concrete
2000,wood
2001,wood
2002,concrete
2003,concrete
2004,wood
2005,concrete
2006,concrete
2007,wood
2008,soft_pvc
2009,concrete
2010,hard_tiles_large_space
2011,carpet
2012,concrete
2013,wood
2014,carpet
2015,tiled
2016,wood
2017,tiled
2018,wood
2019,fine_concrete
2020,soft_pvc
2021,carpet
2022,concrete
2023,tiled
2024,soft_tiles
2025,soft_pvc
2026,concrete
2027,concrete
2028,wood
2029,soft_pvc
2030,soft_tiles
2031,concrete
2032,soft_pvc
2033,soft_pvc
2034,hard_tiles_large_space
2035,tiled
2036,concrete
2037,fine_concrete
2038,wood
2039,soft_tiles
2040,concrete
2041,soft_pvc
2042,hard_tiles_large_space
2043,wood
2044,wood
2045,soft_pvc
2046,fine_concrete
2047,concrete
2048,wood
2049,soft_tiles
2050,concrete
2051,hard_tiles_large_space
2052,hard_tiles_large_space
2053,soft_tiles
2054,hard_tiles_large_space
2055,wood
2056,soft_tiles
2057,wood
2058,tiled
2059,fine_concrete
2060,concrete
2061,wood
2062,soft_pvc
2063,wood
2064,soft_tiles
2065,soft_pvc
2066,soft_tiles
2067,wood
2068,soft_pvc
2069,hard_tiles_large_space
2070,hard_tiles_large_space
2071,soft_tiles
2072,fine_concrete
2073,soft_pvc
2074,soft_tiles
2075,wood
2076,soft_pvc
2077,fine_concrete
2078,wood
2079,concrete
2080,fine_concrete
2081,soft_pvc
2082,tiled
2083,wood
2084,soft_tiles
2085,wood
2086,concrete
2087,hard_tiles_large_space
2088,concrete
2089,soft_tiles
2090,fine_concrete
2091,concrete
2092,concrete
2093,wood
2094,concrete
2095,concrete
2096,wood
2097,wood
2098,wood
2099,fine_concrete
2100,soft_pvc
2101,soft_tiles
2102,wood
2103,hard_tiles_large_space
2104,concrete
2105,wood
2106,wood
2107,soft_pvc
2108,concrete
2109,hard_tiles_large_space
2110,wood
2111,concrete
2112,wood
2113,hard_tiles_large_space
2114,soft_pvc
2115,soft_tiles
2116,concrete
2117,fine_concrete
2118,soft_pvc
2119,soft_pvc
2120,tiled
2121,concrete
2122,concrete
2123,concrete
2124,wood
2125,hard_tiles_large_space
2126,tiled
2127,concrete
2128,tiled
2129,soft_pvc
2130,concrete
2131,wood
2132,soft_pvc
2133,soft_pvc
2134,carpet
2135,soft_tiles
2136,concrete
2137,soft_pvc
2138,wood
2139,soft_pvc
2140,wood
2141,concrete
2142,soft_pvc
2143,concrete
2144,soft_tiles
2145,concrete
2146,hard_tiles_large_space
2147,soft_tiles
2148,tiled
2149,soft_pvc
2150,hard_tiles_large_space
2151,soft_pvc
2152,soft_tiles
2153,soft_pvc
2154,soft_pvc
2155,concrete
2156,soft_pvc
2157,concrete
2158,fine_concrete
2159,wood
2160,soft_pvc
2161,concrete
2162,concrete
2163,soft_pvc
2164,wood
2165,wood
2166,tiled
2167,concrete
2168,wood
2169,soft_tiles
2170,concrete
2171,soft_pvc
2172,carpet
2173,tiled
2174,concrete
2175,tiled
2176,soft_tiles
2177,concrete
2178,soft_pvc
2179,tiled
2180,concrete
2181,soft_pvc
2182,soft_pvc
2183,wood
2184,concrete
2185,soft_pvc
2186,wood
2187,hard_tiles_large_space
2188,soft_pvc
2189,wood
2190,soft_tiles
2191,soft_pvc
2192,wood
2193,soft_tiles
2194,soft_pvc
2195,wood
2196,wood
2197,soft_tiles
2198,soft_pvc
2199,soft_tiles
2200,hard_tiles_large_space
2201,concrete
2202,soft_pvc
2203,wood
2204,concrete
2205,concrete
2206,wood
2207,concrete
2208,concrete
2209,soft_tiles
2210,tiled
2211,fine_concrete
2212,soft_pvc
2213,soft_pvc
2214,soft_pvc
2215,carpet
2216,wood
2217,hard_tiles_large_space
2218,soft_tiles
2219,wood
2220,soft_tiles
2221,soft_pvc
2222,soft_tiles
2223,wood
2224,wood
2225,concrete
2226,soft_tiles
2227,soft_pvc
2228,carpet
2229,soft_pvc
2230,concrete
2231,tiled
2232,soft_tiles
2233,fine_concrete
2234,soft_pvc
2235,concrete
2236,tiled
2237,fine_concrete
2238,wood
2239,wood
2240,hard_tiles_large_space
2241,soft_tiles
2242,hard_tiles_large_space
2243,concrete
2244,hard_tiles_large_space
2245,soft_tiles
2246,soft_pvc
2247,tiled
2248,wood
2249,concrete
2250,soft_pvc
2251,soft_pvc
2252,wood
2253,wood
2254,concrete
2255,soft_pvc
2256,soft_pvc
2257,soft_tiles
2258,tiled
2259,soft_pvc
2260,soft_tiles
2261,tiled
2262,fine_concrete
2263,soft_tiles
2264,soft_pvc
2265,soft_pvc
2266,hard_tiles_large_space
2267,concrete
2268,tiled
2269,soft_pvc
2270,concrete
2271,tiled
2272,soft_tiles
2273,carpet
2274,soft_tiles
2275,soft_tiles
2276,soft_pvc
2277,concrete
2278,hard_tiles_large_space
2279,fine_concrete
2280,wood
2281,tiled
2282,concrete
2283,concrete
2284,soft_pvc
2285,concrete
2286,tiled
2287,soft_pvc
2288,fine_concrete
2289,soft_tiles
2290,wood
2291,wood
2292,wood
2293,soft_tiles
2294,fine_concrete
2295,carpet
2296,tiled
2297,soft_pvc
2298,soft_tiles
2299,wood
2300,soft_pvc
2301,concrete
2302,concrete
2303,concrete
2304,soft_pvc
2305,soft_pvc
2306,hard_tiles_large_space
2307,wood
2308,soft_pvc
2309,wood
2310,soft_pvc
2311,wood
2312,concrete
2313,wood
2314,soft_tiles
2315,wood
2316,fine_concrete
2317,soft_pvc
2318,soft_pvc
2319,soft_pvc
2320,fine_concrete
2321,tiled
2322,wood
2323,tiled
2324,concrete
2325,concrete
2326,wood
2327,wood
2328,soft_pvc
2329,hard_tiles_large_space
2330,fine_concrete
2331,soft_pvc
2332,hard_tiles_large_space
2333,soft_tiles
2334,hard_tiles_large_space
2335,tiled
2336,wood
2337,tiled
2338,wood
2339,hard_tiles_large_space
2340,hard_tiles_large_space
2341,concrete
2342,soft_tiles
2343,wood
2344,concrete
2345,concrete
2346,soft_pvc
2347,soft_tiles
2348,soft_pvc
2349,soft_pvc
2350,concrete
2351,tiled
2352,concrete
2353,hard_tiles_large_space
2354,concrete
2355,concrete
2356,carpet
2357,concrete
2358,soft_pvc
2359,concrete
2360,concrete
2361,wood
2362,wood
2363,soft_pvc
2364,soft_pvc
2365,wood
2366,fine_concrete
2367,soft_tiles
2368,soft_tiles
2369,hard_tiles_large_space
2370,tiled
2371,concrete
2372,concrete
2373,concrete
2374,fine_concrete
2375,soft_tiles
2376,wood
2377,soft_tiles
2378,soft_pvc
2379,hard_tiles_large_space
2380,concrete
2381,hard_tiles_large_space
2382,wood
2383,soft_pvc
2384,fine_concrete
2385,wood
2386,fine_concrete
2387,soft_pvc
2388,hard_tiles_large_space
2389,carpet
2390,tiled
2391,concrete
2392,soft_pvc
2393,wood
2394,soft_tiles
2395,wood
2396,soft_pvc
2397,wood
2398,concrete
2399,concrete
2400,soft_pvc
2401,soft_pvc
2402,concrete
2403,hard_tiles_large_space
2404,fine_concrete
2405,concrete
2406,wood
2407,soft_pvc
2408,soft_tiles
2409,wood
2410,concrete
2411,soft_pvc
2412,hard_tiles_large_space
2413,soft_pvc
2414,concrete
2415,concrete
2416,concrete
2417,soft_pvc
2418,wood
2419,soft_tiles
2420,tiled
2421,concrete
2422,carpet
2423,fine_concrete
2424,soft_pvc
2425,concrete
2426,concrete
2427,fine_concrete
2428,concrete
2429,concrete
2430,concrete
2431,concrete
2432,soft_pvc
2433,concrete
2434,wood
2435,concrete
2436,concrete
2437,soft_pvc
2438,concrete
2439,concrete
2440,soft_pvc
2441,concrete
2442,carpet
2443,soft_pvc
2444,wood
2445,soft_pvc
2446,concrete
2447,wood
2448,concrete
2449,hard_tiles_large_space
2450,wood
2451,soft_tiles
2452,tiled
2453,concrete
2454,soft_pvc
2455,carpet
2456,soft_pvc
2457,hard_tiles_large_space
2458,soft_pvc
2459,soft_tiles
2460,fine_concrete
2461,tiled
2462,soft_tiles
2463,wood
2464,soft_pvc
2465,soft_pvc
2466,wood
2467,concrete
2468,concrete
2469,soft_pvc
2470,concrete
2471,soft_pvc
2472,concrete
2473,soft_pvc
2474,concrete
2475,hard_tiles_large_space
2476,wood
2477,tiled
2478,soft_tiles
2479,soft_tiles
2480,concrete
2481,soft_tiles
2482,fine_concrete
2483,soft_tiles
2484,fine_concrete
2485,wood
2486,tiled
2487,concrete
2488,fine_concrete
2489,tiled
2490,carpet
2491,hard_tiles_large_space
2492,soft_pvc
2493,concrete
2494,concrete
2495,concrete
2496,wood
2497,tiled
2498,soft_tiles
2499,wood
2500,soft_tiles
2501,concrete
2502,carpet
2503,hard_tiles_large_space
2504,soft_pvc
2505,tiled
2506,carpet
2507,wood
2508,concrete
2509,soft_pvc
2510,wood
2511,wood
2512,hard_tiles_large_space
2513,soft_pvc
2514,concrete
2515,tiled
2516,concrete
2517,wood
2518,soft_tiles
2519,soft_pvc
2520,concrete
2521,wood
2522,soft_tiles
2523,wood
2524,concrete
2525,tiled
2526,wood
2527,wood
2528,wood
2529,wood
2530,concrete
2531,tiled
2532,wood
2533,concrete
2534,wood
2535,wood
2536,carpet
2537,concrete
2538,wood
2539,tiled
2540,concrete
2541,concrete
2542,soft_pvc
2543,fine_concrete
2544,soft_pvc
2545,carpet
2546,wood
2547,hard_tiles_large_space
2548,soft_pvc
2549,soft_pvc
2550,soft_tiles
2551,soft_pvc
2552,wood
2553,wood
2554,concrete
2555,soft_tiles
2556,soft_tiles
2557,concrete
2558,hard_tiles_large_space
2559,concrete
2560,hard_tiles_large_space
2561,soft_pvc
2562,concrete
2563,soft_pvc
2564,concrete
2565,concrete
2566,soft_pvc
2567,concrete
2568,tiled
2569,concrete
2570,wood
2571,fine_concrete
2572,concrete
2573,hard_tiles_large_space
2574,fine_concrete
2575,fine_concrete
2576,concrete
2577,tiled
2578,concrete
2579,concrete
2580,fine_concrete
2581,soft_pvc
2582,concrete
2583,wood
2584,soft_pvc
2585,concrete
2586,concrete
2587,concrete
2588,wood
2589,soft_pvc
2590,soft_tiles
2591,carpet
2592,tiled
2593,tiled
2594,concrete
2595,tiled
2596,concrete
2597,tiled
2598,tiled
2599,carpet
2600,soft_tiles
2601,fine_concrete
2602,soft_tiles
2603,soft_tiles
2604,concrete
2605,wood
2606,hard_tiles_large_space
2607,wood
2608,soft_tiles
2609,soft_pvc
2610,concrete
2611,soft_pvc
2612,soft_tiles
2613,soft_pvc
2614,soft_pvc
2615,tiled
2616,soft_pvc
2617,wood
2618,concrete
2619,concrete
2620,soft_tiles
2621,concrete
2622,wood
2623,concrete
2624,soft_tiles
2625,tiled
2626,soft_tiles
2627,concrete
2628,soft_pvc
2629,soft_tiles
2630,soft_pvc
2631,concrete
2632,soft_pvc
2633,wood
2634,carpet
2635,tiled
2636,soft_tiles
2637,soft_pvc
2638,soft_pvc
2639,wood
2640,concrete
2641,wood
2642,concrete
2643,fine_concrete
2644,concrete
2645,soft_pvc
2646,concrete
2647,wood
2648,wood
2649,soft_tiles
2650,concrete
2651,soft_pvc
2652,fine_concrete
2653,wood
2654,concrete
2655,concrete
2656,wood
2657,concrete
2658,concrete
2659,concrete
2660,fine_concrete
2661,concrete
2662,wood
2663,soft_pvc
2664,wood
2665,soft_pvc
2666,carpet
2667,soft_tiles
2668,concrete
2669,concrete
2670,soft_pvc
2671,soft_tiles
2672,soft_pvc
2673,wood
2674,soft_tiles
2675,fine_concrete
2676,concrete
2677,wood
2678,soft_pvc
2679,soft_pvc
2680,soft_tiles
2681,soft_pvc
2682,soft_pvc
2683,concrete
2684,soft_pvc
2685,wood
2686,fine_concrete
2687,soft_pvc
2688,hard_tiles_large_space
2689,hard_tiles_large_space
2690,soft_tiles
2691,soft_pvc
2692,soft_tiles
2693,soft_pvc
2694,tiled
2695,soft_pvc
2696,concrete
2697,soft_tiles
2698,wood
2699,fine_concrete
2700,soft_tiles
2701,soft_pvc
2702,soft_pvc
2703,soft_tiles
2704,concrete
2705,carpet
2706,tiled
2707,tiled
2708,soft_pvc
2709,hard_tiles_large_space
2710,concrete
2711,concrete
2712,wood
2713,soft_tiles
2714,concrete
2715,soft_tiles
2716,wood
2717,soft_pvc
2718,wood
2719,soft_tiles
2720,soft_tiles
2721,soft_tiles
2722,soft_pvc
2723,wood
2724,hard_tiles_large_space
2725,soft_pvc
2726,wood
2727,tiled
2728,soft_pvc
2729,concrete
2730,soft_pvc
2731,soft_pvc
2732,wood
2733,tiled
2734,wood
2735,wood
2736,soft_pvc
2737,tiled
2738,concrete
2739,tiled
2740,wood
2741,wood
2742,carpet
2743,hard_tiles_large_space
2744,concrete
2745,soft_tiles
2746,hard_tiles_large_space
2747,concrete
2748,soft_tiles
2749,concrete
2750,soft_pvc
2751,concrete
2752,soft_pvc
2753,wood
2754,fine_concrete
2755,hard_tiles_large_space
2756,hard_tiles_large_space
2757,wood
2758,concrete
2759,concrete
2760,concrete
2761,carpet
2762,wood
2763,hard_tiles_large_space
2764,concrete
2765,concrete
2766,wood
2767,soft_pvc
2768,soft_tiles
2769,wood
2770,hard_tiles_large_space
2771,soft_pvc
2772,soft_pvc
2773,soft_tiles
2774,concrete
2775,wood
2776,hard_tiles_large_space
2777,concrete
2778,soft_pvc
2779,soft_tiles
2780,soft_pvc
2781,fine_concrete
2782,wood
2783,soft_pvc
2784,soft_pvc
2785,concrete
2786,soft_pvc
2787,wood
2788,hard_tiles_large_space
2789,wood
2790,soft_tiles
2791,concrete
2792,fine_concrete
2793,soft_pvc
2794,hard_tiles_large_space
2795,concrete
2796,soft_pvc
2797,tiled
2798,concrete
2799,tiled
2800,concrete
2801,wood
2802,wood
2803,concrete
2804,wood
2805,soft_pvc
2806,concrete
2807,wood
2808,soft_pvc
2809,carpet
2810,tiled
2811,tiled
2812,hard_tiles_large_space
2813,wood
2814,hard_tiles_large_space
2815,tiled
2816,wood
2817,wood
2818,concrete
2819,soft_tiles
2820,soft_pvc
2821,concrete
2822,wood
2823,carpet
2824,concrete
2825,concrete
2826,soft_pvc
2827,fine_concrete
2828,concrete
2829,wood
2830,wood
2831,concrete
2832,soft_pvc
2833,concrete
2834,hard_tiles_large_space
2835,soft_pvc
2836,soft_pvc
2837,soft_tiles
2838,wood
2839,hard_tiles_large_space
2840,hard_tiles_large_space
2841,soft_tiles
2842,tiled
2843,concrete
2844,tiled
2845,hard_tiles_large_space
2846,soft_pvc
2847,concrete
2848,concrete
2849,hard_tiles_large_space
2850,concrete
2851,concrete
2852,soft_tiles
2853,soft_tiles
2854,wood
2855,fine_concrete
2856,fine_concrete
2857,soft_pvc
2858,concrete
2859,concrete
2860,carpet
2861,soft_pvc
2862,concrete
2863,soft_pvc
2864,soft_tiles
2865,soft_pvc
2866,soft_tiles
2867,fine_concrete
2868,soft_pvc
2869,wood
2870,fine_concrete
2871,soft_pvc
2872,concrete
2873,concrete
2874,soft_pvc
2875,soft_pvc
2876,hard_tiles_large_space
2877,soft_pvc
2878,wood
2879,concrete
2880,concrete
2881,tiled
2882,carpet
2883,soft_pvc
2884,wood
2885,soft_tiles
2886,tiled
2887,soft_pvc
2888,concrete
2889,concrete
2890,hard_tiles_large_space
2891,tiled
2892,concrete
2893,soft_pvc
2894,soft_pvc
2895,hard_tiles_large_space
2896,soft_pvc
2897,wood
2898,concrete
2899,concrete
2900,wood
2901,soft_pvc
2902,soft_pvc
2903,hard_tiles_large_space
2904,soft_tiles
2905,concrete
2906,concrete
2907,tiled
2908,wood
2909,concrete
2910,soft_tiles
2911,tiled
2912,concrete
2913,soft_tiles
2914,hard_tiles_large_space
2915,wood
2916,fine_concrete
2917,concrete
2918,wood
2919,concrete
2920,soft_tiles
2921,tiled
2922,tiled
2923,wood
2924,wood
2925,fine_concrete
2926,concrete
2927,concrete
2928,soft_pvc
2929,carpet
2930,carpet
2931,wood
2932,concrete
2933,concrete
2934,wood
2935,soft_pvc
2936,soft_pvc
2937,carpet
2938,concrete
2939,tiled
2940,concrete
2941,concrete
2942,soft_pvc
2943,tiled
2944,wood
2945,concrete
2946,soft_pvc
2947,soft_pvc
2948,tiled
2949,tiled
2950,concrete
2951,wood
2952,concrete
2953,tiled
2954,soft_pvc
2955,soft_tiles
2956,concrete
2957,concrete
2958,carpet
2959,soft_pvc
2960,concrete
2961,hard_tiles_large_space
2962,soft_tiles
2963,soft_pvc
2964,wood
2965,concrete
2966,concrete
2967,wood
2968,wood
2969,soft_pvc
2970,fine_concrete
2971,tiled
2972,concrete
2973,hard_tiles_large_space
2974,fine_concrete
2975,concrete
2976,hard_tiles_large_space
2977,concrete
2978,carpet
2979,tiled
2980,tiled
2981,wood
2982,concrete
2983,concrete
2984,soft_tiles
2985,concrete
2986,concrete
2987,soft_pvc
2988,wood
2989,soft_pvc
2990,wood
2991,soft_pvc
2992,concrete
2993,concrete
2994,soft_pvc
2995,concrete
2996,soft_tiles
2997,soft_pvc
2998,hard_tiles_large_space
2999,soft_pvc
3000,soft_pvc
3001,wood
3002,concrete
3003,fine_concrete
3004,soft_tiles
3005,soft_pvc
3006,soft_pvc
3007,hard_tiles_large_space
3008,hard_tiles_large_space
3009,soft_pvc
3010,wood
3011,soft_pvc
3012,concrete
3013,concrete
3014,soft_pvc
3015,concrete
3016,wood
3017,hard_tiles_large_space
3018,concrete
3019,soft_pvc
3020,wood
3021,tiled
3022,soft_pvc
3023,concrete
3024,concrete
3025,fine_concrete
3026,soft_pvc
3027,soft_pvc
3028,tiled
3029,soft_tiles
3030,soft_pvc
3031,concrete
3032,wood
3033,concrete
3034,concrete
3035,concrete
3036,tiled
3037,tiled
3038,soft_tiles
3039,fine_concrete
3040,wood
3041,soft_pvc
3042,soft_pvc
3043,fine_concrete
3044,soft_tiles
3045,fine_concrete
3046,soft_pvc
3047,wood
3048,soft_tiles
3049,soft_pvc
3050,wood
3051,soft_tiles
3052,soft_tiles
3053,concrete
3054,wood
3055,soft_tiles
3056,hard_tiles_large_space
3057,hard_tiles_large_space
3058,concrete
3059,tiled
3060,soft_pvc
3061,wood
3062,fine_concrete
3063,soft_tiles
3064,tiled
3065,concrete
3066,soft_pvc
3067,fine_concrete
3068,hard_tiles_large_space
3069,fine_concrete
3070,soft_tiles
3071,soft_tiles
3072,soft_pvc
3073,soft_pvc
3074,soft_pvc
3075,wood
3076,soft_tiles
3077,concrete
3078,concrete
3079,wood
3080,soft_pvc
3081,soft_pvc
3082,carpet
3083,concrete
3084,soft_tiles
3085,concrete
3086,soft_tiles
3087,soft_tiles
3088,soft_tiles
3089,soft_pvc
3090,tiled
3091,soft_tiles
3092,soft_tiles
3093,fine_concrete
3094,wood
3095,concrete
3096,fine_concrete
3097,concrete
3098,soft_tiles
3099,carpet
3100,wood
3101,hard_tiles_large_space
3102,hard_tiles_large_space
3103,soft_pvc
3104,concrete
3105,tiled
3106,concrete
3107,tiled
3108,hard_tiles_large_space
3109,soft_pvc
3110,tiled
3111,tiled
3112,hard_tiles_large_space
3113,wood
3114,soft_pvc
3115,fine_concrete
3116,concrete
3117,wood
3118,soft_tiles
3119,soft_tiles
3120,fine_concrete
3121,carpet
3122,soft_pvc
3123,concrete
3124,soft_tiles
3125,tiled
3126,soft_tiles
3127,hard_tiles_large_space
3128,tiled
3129,concrete
3130,hard_tiles_large_space
3131,fine_concrete
3132,concrete
3133,fine_concrete
3134,soft_tiles
3135,concrete
3136,concrete
3137,soft_pvc
3138,wood
3139,hard_tiles_large_space
3140,tiled
3141,concrete
3142,wood
3143,soft_tiles
3144,tiled
3145,hard_tiles_large_space
3146,soft_pvc
3147,concrete
3148,concrete
3149,hard_tiles_large_space
3150,fine_concrete
3151,fine_concrete
3152,carpet
3153,soft_pvc
3154,tiled
3155,wood
3156,tiled
3157,fine_concrete
3158,wood
3159,wood
3160,concrete
3161,soft_pvc
3162,soft_pvc
3163,wood
3164,soft_tiles
3165,hard_tiles_large_space
3166,hard_tiles_large_space
3167,soft_pvc
3168,soft_tiles
3169,concrete
3170,hard_tiles_large_space
3171,fine_concrete
3172,concrete
3173,hard_tiles_large_space
3174,fine_concrete
3175,soft_pvc
3176,concrete
3177,concrete
3178,fine_concrete
3179,wood
3180,wood
3181,wood
3182,wood
3183,concrete
3184,soft_tiles
3185,concrete
3186,wood
3187,wood
3188,soft_tiles
3189,soft_pvc
3190,tiled
3191,fine_concrete
3192,fine_concrete
3193,soft_pvc
3194,wood
3195,concrete
3196,wood
3197,tiled
3198,fine_concrete
3199,tiled
3200,concrete
3201,carpet
3202,tiled
3203,soft_pvc
3204,concrete
3205,wood
3206,concrete
3207,soft_pvc
3208,carpet
3209,hard_tiles
3210,concrete
3211,hard_tiles_large_space
3212,wood
3213,soft_pvc
3214,concrete
3215,hard_tiles_large_space
3216,soft_pvc
3217,wood
3218,hard_tiles_large_space
3219,wood
3220,concrete
3221,concrete
3222,hard_tiles_large_space
3223,tiled
3224,soft_pvc
3225,soft_tiles
3226,wood
3227,concrete
3228,concrete
3229,soft_tiles
3230,wood
3231,soft_tiles
3232,soft_pvc
3233,soft_pvc
3234,soft_pvc
3235,wood
3236,fine_concrete
3237,concrete
3238,concrete
3239,tiled
3240,soft_pvc
3241,fine_concrete
3242,tiled
3243,hard_tiles_large_space
3244,wood
3245,hard_tiles_large_space
3246,soft_pvc
3247,fine_concrete
3248,carpet
3249,wood
3250,wood
3251,wood
3252,concrete
3253,carpet
3254,concrete
3255,tiled
3256,soft_tiles
3257,hard_tiles_large_space
3258,soft_pvc
3259,wood
3260,tiled
3261,fine_concrete
3262,concrete
3263,wood
3264,concrete
3265,tiled
3266,concrete
3267,wood
3268,wood
3269,hard_tiles_large_space
3270,soft_pvc
3271,fine_concrete
3272,concrete
3273,concrete
3274,hard_tiles_large_space
3275,wood
3276,wood
3277,concrete
3278,wood
3279,wood
3280,wood
3281,concrete
3282,soft_pvc
3283,concrete
3284,soft_pvc
3285,soft_pvc
3286,wood
3287,concrete
3288,concrete
3289,soft_tiles
3290,wood
3291,concrete
3292,tiled
3293,soft_pvc
3294,wood
3295,concrete
3296,concrete
3297,fine_concrete
3298,soft_pvc
3299,tiled
3300,concrete
3301,soft_pvc
3302,hard_tiles_large_space
3303,concrete
3304,tiled
3305,carpet
3306,soft_tiles
3307,concrete
3308,soft_pvc
3309,concrete
3310,wood
3311,fine_concrete
3312,soft_tiles
3313,soft_tiles
3314,fine_concrete
3315,soft_pvc
3316,wood
3317,hard_tiles_large_space
3318,concrete
3319,soft_tiles
3320,concrete
3321,soft_pvc
3322,concrete
3323,wood
3324,soft_pvc
3325,fine_concrete
3326,concrete
3327,wood
3328,fine_concrete
3329,fine_concrete
3330,soft_pvc
3331,soft_pvc
3332,tiled
3333,carpet
3334,soft_pvc
3335,wood
3336,concrete
3337,fine_concrete
3338,soft_pvc
3339,fine_concrete
3340,fine_concrete
3341,soft_pvc
3342,concrete
3343,soft_tiles
3344,soft_pvc
3345,wood
3346,soft_pvc
3347,soft_pvc
3348,concrete
3349,fine_concrete
3350,hard_tiles_large_space
3351,carpet
3352,concrete
3353,wood
3354,soft_tiles
3355,concrete
3356,soft_pvc
3357,concrete
3358,concrete
3359,concrete
3360,hard_tiles_large_space
3361,carpet
3362,hard_tiles_large_space
3363,wood
3364,hard_tiles_large_space
3365,concrete
3366,concrete
3367,wood
3368,soft_tiles
3369,carpet
3370,fine_concrete
3371,concrete
3372,tiled
3373,hard_tiles_large_space
3374,hard_tiles_large_space
3375,tiled
3376,concrete
3377,concrete
3378,wood
3379,soft_tiles
3380,concrete
3381,concrete
3382,soft_pvc
3383,tiled
3384,soft_tiles
3385,fine_concrete
3386,tiled
3387,soft_pvc
3388,concrete
3389,soft_pvc
3390,soft_pvc
3391,concrete
3392,concrete
3393,fine_concrete
3394,concrete
3395,soft_pvc
3396,carpet
3397,soft_tiles
3398,soft_pvc
3399,tiled
3400,carpet
3401,wood
3402,soft_tiles
3403,concrete
3404,hard_tiles_large_space
3405,tiled
3406,wood
3407,soft_tiles
3408,wood
3409,concrete
3410,concrete
3411,concrete
3412,wood
3413,soft_pvc
3414,tiled
3415,wood
3416,soft_tiles
3417,concrete
3418,wood
3419,concrete
3420,wood
3421,wood
3422,wood
3423,wood
3424,soft_tiles
3425,soft_tiles
3426,concrete
3427,hard_tiles_large_space
3428,concrete
3429,concrete
3430,concrete
3431,wood
3432,tiled
3433,soft_tiles
3434,carpet
3435,soft_pvc
3436,soft_pvc
3437,fine_concrete
3438,wood
3439,concrete
3440,soft_pvc
3441,wood
3442,fine_concrete
3443,wood
3444,concrete
3445,soft_tiles
3446,soft_tiles
3447,concrete
3448,soft_pvc
3449,concrete
3450,wood
3451,concrete
3452,soft_pvc
3453,soft_pvc
3454,soft_pvc
3455,wood
3456,wood
3457,wood
3458,carpet
3459,soft_pvc
3460,soft_tiles
3461,fine_concrete
3462,soft_tiles
3463,carpet
3464,wood
3465,fine_concrete
3466,soft_pvc
3467,soft_pvc
3468,soft_tiles
3469,tiled
3470,fine_concrete
3471,wood
3472,hard_tiles_large_space
3473,hard_tiles_large_space
3474,tiled
3475,concrete
3476,soft_tiles
3477,carpet
3478,wood
3479,soft_pvc
3480,soft_tiles
3481,hard_tiles_large_space
3482,soft_pvc
3483,soft_tiles
3484,concrete
3485,tiled
3486,wood
3487,fine_concrete
3488,soft_pvc
3489,wood
3490,wood
3491,concrete
3492,soft_tiles
3493,soft_tiles
3494,tiled
3495,concrete
3496,wood
3497,soft_tiles
3498,tiled
3499,wood
3500,soft_pvc
3501,wood
3502,tiled
3503,wood
3504,fine_concrete
3505,wood
3506,hard_tiles_large_space
3507,hard_tiles_large_space
3508,wood
3509,soft_pvc
3510,hard_tiles_large_space
3511,wood
3512,soft_pvc
3513,fine_concrete
3514,soft_pvc
3515,soft_tiles
3516,wood
3517,tiled
3518,wood
3519,concrete
3520,soft_pvc
3521,soft_pvc
3522,soft_pvc
3523,wood
3524,soft_pvc
3525,soft_pvc
3526,concrete
3527,wood
3528,soft_pvc
3529,concrete
3530,fine_concrete
3531,concrete
3532,soft_pvc
3533,concrete
3534,concrete
3535,tiled
3536,concrete
3537,fine_concrete
3538,fine_concrete
3539,soft_pvc
3540,fine_concrete
3541,concrete
3542,soft_pvc
3543,concrete
3544,concrete
3545,soft_pvc
3546,wood
3547,soft_pvc
3548,hard_tiles_large_space
3549,soft_pvc
3550,wood
3551,carpet
3552,soft_pvc
3553,soft_tiles
3554,concrete
3555,fine_concrete
3556,wood
3557,soft_pvc
3558,soft_tiles
3559,soft_tiles
3560,soft_tiles
3561,wood
3562,hard_tiles_large_space
3563,concrete
3564,fine_concrete
3565,soft_tiles
3566,concrete
3567,concrete
3568,wood
3569,concrete
3570,tiled
3571,wood
3572,tiled
3573,fine_concrete
3574,concrete
3575,wood
3576,fine_concrete
3577,wood
3578,tiled
3579,soft_pvc
3580,soft_pvc
3581,wood
3582,soft_pvc
3583,soft_pvc
3584,concrete
3585,concrete
3586,soft_pvc
3587,soft_pvc
3588,soft_tiles
3589,concrete
3590,concrete
3591,wood
3592,concrete
3593,tiled
3594,fine_concrete
3595,concrete
3596,soft_tiles
3597,concrete
3598,soft_tiles
3599,concrete
3600,tiled
3601,wood
3602,wood
3603,wood
3604,soft_tiles
3605,concrete
3606,concrete
3607,soft_pvc
3608,wood
3609,wood
3610,soft_tiles
3611,soft_tiles
3612,soft_pvc
3613,fine_concrete
3614,concrete
3615,wood
3616,hard_tiles_large_space
3617,soft_tiles
3618,soft_tiles
3619,soft_pvc
3620,concrete
3621,soft_pvc
3622,carpet
3623,fine_concrete
3624,soft_tiles
3625,soft_tiles
3626,soft_tiles
3627,fine_concrete
3628,concrete
3629,concrete
3630,fine_concrete
3631,wood
3632,concrete
3633,wood
3634,soft_pvc
3635,soft_pvc
3636,wood
3637,concrete
3638,concrete
3639,tiled
3640,concrete
3641,soft_pvc
3642,concrete
3643,soft_pvc
3644,concrete
3645,soft_pvc
3646,tiled
3647,concrete
3648,soft_pvc
3649,hard_tiles_large_space
3650,concrete
3651,carpet
3652,wood
3653,soft_pvc
3654,concrete
3655,soft_pvc
3656,soft_pvc
3657,concrete
3658,concrete
3659,tiled
3660,soft_tiles
3661,carpet
3662,fine_concrete
3663,concrete
3664,soft_pvc
3665,concrete
3666,wood
3667,concrete
3668,carpet
3669,concrete
3670,concrete
3671,concrete
3672,concrete
3673,soft_tiles
3674,concrete
3675,soft_pvc
3676,soft_tiles
3677,hard_tiles_large_space
3678,wood
3679,soft_pvc
3680,concrete
3681,concrete
3682,wood
3683,hard_tiles_large_space
3684,tiled
3685,tiled
3686,soft_pvc
3687,concrete
3688,concrete
3689,soft_pvc
3690,soft_tiles
3691,concrete
3692,concrete
3693,soft_tiles
3694,soft_pvc
3695,wood
3696,soft_pvc
3697,tiled
3698,hard_tiles_large_space
3699,soft_pvc
3700,wood
3701,concrete
3702,wood
3703,soft_tiles
3704,wood
3705,hard_tiles_large_space
3706,soft_pvc
3707,wood
3708,soft_pvc
3709,concrete
3710,wood
3711,tiled
3712,wood
3713,hard_tiles_large_space
3714,soft_tiles
3715,concrete
3716,soft_tiles
3717,concrete
3718,concrete
3719,soft_pvc
3720,fine_concrete
3721,carpet
3722,tiled
3723,hard_tiles_large_space
3724,fine_concrete
3725,soft_pvc
3726,wood
3727,soft_tiles
3728,soft_tiles
3729,concrete
3730,fine_concrete
3731,hard_tiles_large_space
3732,soft_pvc
3733,wood
3734,soft_pvc
3735,tiled
3736,soft_tiles
3737,concrete
3738,soft_pvc
3739,soft_pvc
3740,hard_tiles_large_space
3741,tiled
3742,hard_tiles_large_space
3743,hard_tiles_large_space
3744,wood
3745,wood
3746,hard_tiles_large_space
3747,soft_tiles
3748,soft_tiles
3749,tiled
3750,soft_pvc
3751,hard_tiles_large_space
3752,concrete
3753,soft_tiles
3754,wood
3755,wood
3756,wood
3757,concrete
3758,wood
3759,wood
3760,wood
3761,wood
3762,soft_tiles
3763,wood
3764,concrete
3765,soft_tiles
3766,soft_tiles
3767,tiled
3768,soft_pvc
3769,wood
3770,soft_tiles
3771,soft_pvc
3772,wood
3773,soft_pvc
3774,concrete
3775,concrete
3776,tiled
3777,wood
3778,concrete
3779,concrete
3780,soft_pvc
3781,fine_concrete
3782,concrete
3783,fine_concrete
3784,concrete
3785,wood
3786,soft_pvc
3787,soft_pvc
3788,hard_tiles_large_space
3789,wood
3790,concrete
3791,tiled
3792,fine_concrete
3793,wood
3794,wood
3795,concrete
3796,wood
3797,hard_tiles_large_space
3798,concrete
3799,concrete
3800,soft_tiles
3801,fine_concrete
3802,wood
3803,fine_concrete
3804,wood
3805,carpet
3806,wood
3807,wood
3808,carpet
3809,wood
3810,soft_tiles
3811,concrete
3812,tiled
3813,soft_pvc
3814,soft_tiles
3815,soft_pvc
